id,successful_chains,mean_divergences,low_ebfmi
v0.13,4,0.01633333333333333,FALSE
v0.39,4,0.021166666666666667,FALSE
v0.40,4,0.0013333333333333333,FALSE
v0.41,4,0.02875,FALSE
